"bT","CS kernel","Uncertainty"
0.15,-0.07192798969659911,0.1079233058871849
0.3,-0.2904708170222755,0.08387390922249131
0.45,-0.5275797188914422,0.1015857490810195
0.6,-0.7436659402634226,0.10982115173873883
0.75,-0.7626801839993675,0.17837869597725536
0.9,-0.5556831383362594,0.368400577140248
0.12,-0.10655536782120062,0.12058971696821559
0.24,-0.3172504426952334,0.09391325513307595
0.36,-0.5016374911693358,0.11626442665873767
0.48,-0.6963660918245527,0.15659151594261023
0.6,-0.8438672444907812,0.22750524809879433
0.72,-0.9693175003006179,0.4036461467695864
0.84,-1.3050049415470542,0.7270176436484628
0.09,0.2525816895758851,0.18562872808025063
0.18,-0.021591842855284316,0.15161446642291287
0.27,-0.23641131926498354,0.13886770932234943
0.36,-0.39001591295808063,0.1420078690393818
0.45,-0.44591907007429704,0.15577074912649846
0.54,-0.48499531324259426,0.1668938691435013
0.63,-0.5931260529485831,0.30814805444225507
0.72,-0.6049866608831356,0.6025835646079072
