param,sigma_post_NOMSTIFF,kick_abs
resumTNP_gamma_cusp,1.00004,2.00008
resumTNP_gamma_mu_q,0.999673,1.99935
resumTNP_gamma_nu,1.00712,2.01424
resumTNP_s,0.9544,1.9088
resumTNP_b_qqV,0.694066,1.38813
resumTNP_b_qqbarV,0.999992,1.99998
resumTNP_b_qqS,0.984574,1.96915
resumTNP_b_qg,0.676186,1.35237
resumTNP_h_qqV,0.99173,1.98346
pdfEig0,1.14928,2.29855
pdfEig1,0.93198,1.86396
pdfEig2,1.03727,2.07455
pdfEig3,1.45946,2.91891
pdfEig4,0.972449,1.9449
pdfEig5,0.943862,1.88772
pdfEig6,0.967387,1.93477
pdfEig7,0.891703,1.78341
pdfEig8,0.878439,1.75688
pdfEig9,0.951514,1.90303
pdfEig10,0.904737,1.80947
pdfEig11,0.808249,1.6165
pdfEig12,1.05471,2.10942
pdfEig13,0.945455,1.89091
pdfEig14,1.04551,2.09102
pdfEig15,0.965111,1.93022
pdfEig16,0.881868,1.76374
pdfEig17,0.899067,1.79813
pdfEig18,0.707744,1.41549
pdfEig19,1.06301,2.12603
pdfEig20,0.919231,1.83846
pdfEig21,0.966459,1.93292
pdfEig22,0.796439,1.59288
pdfEig23,0.870608,1.74122
pdfEig24,0.920565,1.84113
pdfEig25,0.938567,1.87713
pdfEig26,0.918698,1.8374
pdfEig27,1.03115,2.0623
pdfEig28,1.03493,2.06987
